feature_iri,feature,count_A,count_B,pct_A,pct_B,abs_pct_diff,product_contrib
http://www.w3.org/2002/07/owl#Class,Class,1176,1176,0.2552083333333333,0.28160919540229884,0.026400862068965525,1382976
http://www.w3.org/2002/07/owl#Restriction,Restriction,386,386,0.0837673611111111,0.09243295019157088,0.008665589080459779,148996
http://www.w3.org/2002/07/owl#ObjectProperty,ObjectProperty,328,328,0.07118055555555555,0.07854406130268199,0.0073635057471264365,107584
http://qudt.org/schema/qudt/QuantityValue,QuantityValue,166,350,0.03602430555555555,0.08381226053639847,0.047787954980842914,58100
https://spec.industrialontologies.org/ontology/core/Core/MeasuredValueExpression,MeasuredValueExpression,151,175,0.032769097222222224,0.04190613026819923,0.00913703304597701,26425
http://quantecton.com/kb/BuildingDesign#WallOpening,WallOpening,182,139,0.039496527777777776,0.03328544061302682,0.006211087164750953,25298
http://quantecton.com/kb/BuildingDesign#ExteriorWall,ExteriorWall,72,290,0.015625,0.06944444444444445,0.05381944444444445,20880
http://quantecton.com/kb/BuildingDesign#Door,Door,126,123,0.02734375,0.029454022988505746,0.002110272988505746,15498
http://quantecton.com/kb/building_material_category#HeatTransferCoefficient,HeatTransferCoefficient,83,175,0.018012152777777776,0.04190613026819923,0.023893977490421457,14525
http://quantecton.com/kb/building_material_category#ThermalMass,ThermalMass,83,175,0.018012152777777776,0.04190613026819923,0.023893977490421457,14525
http://quantecton.com/kb/building_material_category#ThermalResistance,ThermalResistance,83,175,0.018012152777777776,0.04190613026819923,0.023893977490421457,14525
http://quantecton.com/kb/concrete_composition_and_property#PortionOfHardenedConcrete,PortionOfHardenedConcrete,83,175,0.018012152777777776,0.04190613026819923,0.023893977490421457,14525
https://w3id.org/bot#Space,Space,157,70,0.03407118055555555,0.016762452107279693,0.01730872844827586,10990
http://www.w3.org/2002/07/owl#AnnotationProperty,AnnotationProperty,97,97,0.021050347222222224,0.023227969348659006,0.0021776221264367818,9409
http://www.w3.org/2002/07/owl#TransitiveProperty,TransitiveProperty,48,48,0.010416666666666666,0.011494252873563218,0.0010775862068965521,2304
http://quantecton.com/kb/BuildingDesign#Reinforcement,Reinforcement,350,6,0.0759548611111111,0.0014367816091954023,0.0745180795019157,2100
http://www.w3.org/2002/07/owl#Axiom,Axiom,27,27,0.005859375,0.00646551724137931,0.0006061422413793103,729
http://quantecton.com/kb/BuildingDesign#StructuralFunction,StructuralFunction,52,14,0.011284722222222222,0.003352490421455939,0.007932231800766283,728
http://quantecton.com/kb/BuildingDesign#CurtainWall,CurtainWall,28,21,0.006076388888888889,0.005028735632183908,0.001047653256704981,588
http://www.w3.org/2002/07/owl#FunctionalProperty,FunctionalProperty,24,24,0.005208333333333333,0.005747126436781609,0.0005387931034482761,576
