feature_iri,feature,count_A,count_B,pct_A,pct_B,abs_pct_diff,product_contrib
http://quantecton.com/kb/BuildingDesign#Reinforcement,Reinforcement,350,6,0.0759548611111111,0.0014367816091954023,0.0745180795019157,2100
http://quantecton.com/kb/BuildingDesign#LoadBearingFunction,LoadBearingFunction,262,0,0.05685763888888889,0.0,0.05685763888888889,0
http://quantecton.com/kb/BuildingDesign#ExteriorWall,ExteriorWall,72,290,0.015625,0.06944444444444445,0.05381944444444445,20880
http://qudt.org/schema/qudt/QuantityValue,QuantityValue,166,350,0.03602430555555555,0.08381226053639847,0.047787954980842914,58100
http://quantecton.com/kb/BuildingDesign#InteriorWall,InteriorWall,217,0,0.04709201388888889,0.0,0.04709201388888889,0
http://quantecton.com/kb/BuildingDesign#Wall,Wall,181,0,0.03927951388888889,0.0,0.03927951388888889,0
http://www.w3.org/2002/07/owl#Class,Class,1176,1176,0.2552083333333333,0.28160919540229884,0.026400862068965525,1382976
http://quantecton.com/kb/building_material_category#HeatTransferCoefficient,HeatTransferCoefficient,83,175,0.018012152777777776,0.04190613026819923,0.023893977490421457,14525
http://quantecton.com/kb/building_material_category#ThermalMass,ThermalMass,83,175,0.018012152777777776,0.04190613026819923,0.023893977490421457,14525
http://quantecton.com/kb/building_material_category#ThermalResistance,ThermalResistance,83,175,0.018012152777777776,0.04190613026819923,0.023893977490421457,14525
http://quantecton.com/kb/concrete_composition_and_property#PortionOfHardenedConcrete,PortionOfHardenedConcrete,83,175,0.018012152777777776,0.04190613026819923,0.023893977490421457,14525
https://w3id.org/bot#Space,Space,157,70,0.03407118055555555,0.016762452107279693,0.01730872844827586,10990
http://quantecton.com/kb/BuildingDesign#ArchitecturalColumn,ArchitecturalColumn,0,71,0.0,0.017001915708812262,0.017001915708812262,0
http://quantecton.com/kb/building_material_category#FireResistance,FireResistance,68,0,0.014756944444444444,0.0,0.014756944444444444,0
http://quantecton.com/kb/BuildingDesign#Bathroom,Bathroom,8,58,0.001736111111111111,0.013888888888888888,0.012152777777777776,464
http://quantecton.com/kb/BuildingDesign#Window,Window,56,10,0.012152777777777778,0.0023946360153256703,0.009758141762452108,560
https://spec.industrialontologies.org/ontology/core/Core/MeasuredValueExpression,MeasuredValueExpression,151,175,0.032769097222222224,0.04190613026819923,0.00913703304597701,26425
http://www.w3.org/2002/07/owl#Restriction,Restriction,386,386,0.0837673611111111,0.09243295019157088,0.008665589080459779,148996
http://quantecton.com/kb/BuildingDesign#StructuralFunction,StructuralFunction,52,14,0.011284722222222222,0.003352490421455939,0.007932231800766283,728
http://www.w3.org/2002/07/owl#ObjectProperty,ObjectProperty,328,328,0.07118055555555555,0.07854406130268199,0.0073635057471264365,107584
